x1,x2,x3
3636506.132,215347.142,-3.948
3636499.356,215364.477,-3.614
3636484.586,215387.849,-2.796
3636478.487,215410.703,-1.687
3636478.38,215410.721,-1.681
3636463.547,215431.764,-0.939
3636453.291,215455.954,-0.848
3636442.276,215479.063,-0.66
3636430.527,215500.652,-1.304
3636421.046,215522.524,-0.789
3636409.669,215545.173,0.787
3636398.141,215566.813,2.682
3636385.645,215588.852,2.872
3636374.353,215612.471,4.017
3636364.302,215633.227,5.156
3636353.476,215655.719,5.628
3636342.562,215678.07,5.233
3636333.525,215698.868,5.514
3636317.099,215724.314,5.484
3636306.492,215744.27,4.973
3636293.236,215766.881,4.357
3636283.429,215788.998,4.267
3636272.604,215811.136,4.405
3636265.462,215835.118,4.623
3636251.006,215856.363,4.581
3636243.28,215878.045,4.663
3637000.44,214369.26,-16.78
3637000.12,214369.6,-16.78
3636999.17,214370.65,-16.76
3636998.83,214371.01,-16.75
3636998.46,214371.44,-16.76
3636998.21,214371.73,-16.72
3636998.02,214371.93,-16.71
3636997.75,214372.22,-16.7
3636997.58,214372.45,-16.68
3636997.35,214372.75,-16.68
3636996.97,214373.21,-16.67
3636996.71,214373.53,-16.63
3636996.4,214373.9,-16.61
3636996.09,214374.3,-16.58
3636995.72,214374.8,-16.55
3636995.48,214375.15,-16.53
3636995.18,214375.56,-16.52
3636994.88,214375.99,-16.48
3636994.55,214376.5,-16.46
3636994.32,214376.86,-16.48
3636994.04,214377.3,-16.5
3636993.75,214377.72,-16.5
3636993.4,214378.24,-16.47
3636993.15,214378.61,-16.47
3636992.84,214379.01,-16.49
3636992.53,214379.41,-16.51
3636992.16,214379.88,-16.49
3636991.9,214380.21,-16.47
3636991.58,214380.61,-16.46
3636991.25,214380.99,-16.49
3636990.84,214381.44,-16.51
3636990.56,214381.75,-16.51
3636990.22,214382.11,-16.5
3636989.87,214382.48,-16.51
3636989.44,214382.9,-16.53
3636989.15,214383.18,-16.55
3636988.79,214383.53,-16.57
3636988.41,214383.88,-16.59
3636987.98,214384.27,-16.57
3636987.7,214384.54,-16.56
3636987.35,214384.88,-16.55
3636986.99,214385.2,-16.54
3636986.57,214385.57,-16.52
3636986.28,214385.83,-16.52
3636985.94,214386.16,-16.53
3636985.59,214386.49,-16.55
3636985.19,214386.86,-16.55
3636984.92,214387.13,-16.5
3636984.59,214387.46,-16.46
3636984.29,214387.79,-16.48
3636983.94,214388.19,-16.47
3636983.7,214388.47,-16.44
3636983.4,214388.84,-16.44
3636983.11,214389.19,-16.42
3636982.77,214389.6,-16.42
3636982.55,214389.88,-16.41
3636982.25,214390.24,-16.4
3636981.97,214390.59,-16.37
3636981.61,214391.01,-16.33
3636981.36,214391.29,-16.31
3636981.07,214391.63,-16.31
3636980.77,214391.95,-16.3
3636980.42,214392.31,-16.3
3636980.18,214392.55,-16.31
3636979.86,214392.84,-16.34
3636979.53,214393.12,-16.36
3636979.15,214393.46,-16.36
3636978.89,214393.67,-16.36
3636978.56,214393.93,-16.38
3636978.24,214394.17,-16.38
3636977.86,214394.45,-16.38
3636977.6,214394.63,-16.4
3636977.27,214394.86,-16.4
3636976.94,214395.08,-16.4
3636976.56,214395.34,-16.4
3636976.3,214395.52,-16.41
3636975.97,214395.74,-16.4
3636975.63,214395.94,-16.42
3636975.24,214396.18,-16.45
3636974.98,214396.34,-16.41
3636974.81,214396.46,-16.37
3636974.57,214396.62,-16.37
3636974.38,214396.74,-16.37
3636974.14,214396.9,-16.39
3636973.77,214397.14,-16.42
3636973.52,214397.31,-16.43
3636973.22,214397.53,-16.42
3636972.9,214397.73,-16.39
3636972.52,214397.96,-16.37
3636972.28,214398.15,-16.38
3636971.97,214398.38,-16.41
3636971.67,214398.6,-16.41
3636971.31,214398.89,-16.37
3636971.06,214399.09,-16.36
3636970.76,214399.35,-16.38
3636970.47,214399.61,-16.39
3636970.14,214399.95,-16.4
3636969.93,214400.2,-16.4
3636969.68,214400.51,-16.4
3636969.43,214400.82,-16.42
3636969.15,214401.19,-16.44
3636968.95,214401.47,-16.45
3636968.72,214401.8,-16.43
3636968.51,214402.14,-16.32
3636968.25,214402.56,-16.26
3636968.07,214402.86,-16.25
3636967.87,214403.22,-16.24
3636967.66,214403.59,-16.23
3636967.42,214404.02,-16.23
3636967.26,214404.32,-16.25
3636967.08,214404.7,-16.27
3636966.89,214405.08,-16.29
3636966.66,214405.49,-16.29
3636966.5,214405.77,-16.3
3636966.29,214406.12,-16.27
3636966.09,214406.47,-16.26
3636965.85,214406.88,-16.27
3636965.68,214407.16,-16.28
3636965.46,214407.49,-16.27
3636965.24,214407.82,-16.24
3636964.99,214408.22,-16.25
3636964.8,214408.5,-16.27
3636964.58,214408.85,-16.28
3636964.34,214409.17,-16.33
3636964.06,214409.56,-16.33
3636963.86,214409.83,-16.32
3636963.62,214410.15,-16.34
3636963.39,214410.48,-16.33
3636963.12,214410.89,-16.33
3636962.93,214411.18,-16.36
3636962.7,214411.54,-16.41
3636962.48,214411.89,-16.42
3636962.23,214412.33,-16.43
3636962.07,214412.65,-16.41
3636961.87,214413.05,-16.37
3636961.69,214413.47,-16.35
3636961.49,214413.96,-16.3
3636961.36,214414.29,-16.29
3636961.22,214414.72,-16.29
3636961.08,214415.16,-16.25
3636960.92,214415.7,-16.2
3636960.82,214416.08,-16.15
3636960.7,214416.53,-16.11
3636960.57,214417,-16.1
3636960.43,214417.55,-16.11
3636960.33,214417.94,-16.13
3636960.21,214418.4,-16.15
3636960.09,214418.88,-16.13
3636959.95,214419.44,-16.14
3636959.85,214419.83,-16.17
3636959.73,214420.31,-16.18
3636959.58,214420.78,-16.19
3636959.4,214421.34,-16.18
3636959.27,214421.74,-16.16
3636959.1,214422.19,-16.13
3636958.91,214422.65,-16.13
3636958.69,214423.18,-16.17
3636958.54,214423.54,-16.19
3636958.34,214423.97,-16.18
3636958.14,214424.4,-16.17
3636957.88,214424.91,-16.15
3636957.7,214425.27,-16.13
3636957.48,214425.71,-16.12
3636957.28,214426.14,-16.12
3636957.02,214426.66,-16.14
3636956.83,214427.01,-16.16
3636956.61,214427.43,-16.17
3636956.39,214427.86,-16.13
3636956.12,214428.36,-16.11
3636955.95,214428.71,-16.13
3636955.74,214429.15,-16.16
3636955.54,214429.59,-16.15
3636955.31,214430.11,-16.13
3636955.15,214430.49,-16.12
3636954.99,214430.94,-16.11
3636954.82,214431.4,-16.13
3636954.63,214431.93,-16.07
3636954.51,214432.31,-16.03
3636954.37,214432.76,-16.01
3636954.23,214433.23,-16
3636954.07,214433.77,-16.02
3636953.96,214434.15,-15.99
3636953.85,214434.62,-15.97
3636953.72,214435.07,-15.94
3636953.56,214435.62,-15.91
3636953.45,214435.99,-15.9
3636953.32,214436.46,-15.89
3636953.2,214436.91,-15.91
3636953.05,214437.44,-15.91
3636952.94,214437.81,-15.94
3636952.81,214438.26,-15.92
3636952.67,214438.7,-15.88
3636952.5,214439.22,-15.85
3636952.38,214439.58,-15.84
3636952.23,214440.01,-15.85
3636952.07,214440.45,-15.88
3636951.88,214440.94,-15.89
3636951.75,214441.28,-15.9
3636951.58,214441.7,-15.88
3636951.39,214442.1,-15.85
3636951.17,214442.58,-15.88
3636951.02,214442.92,-15.87
3636950.82,214443.32,-15.87
3636950.64,214443.72,-15.87
3636950.42,214444.18,-15.83
3636950.27,214444.5,-15.85
3636950.07,214444.89,-15.88
3636949.88,214445.27,-15.85
3636949.66,214445.73,-15.8
3636949.51,214446.04,-15.77
3636949.31,214446.42,-15.79
3636949.12,214446.8,-15.82
3636948.9,214447.25,-15.83
3636948.76,214447.55,-15.84
3636948.57,214447.94,-15.83
3636948.36,214448.31,-15.81
3636948.13,214448.75,-15.8
3636947.98,214449.07,-15.81
3636947.8,214449.45,-15.81
3636947.61,214449.85,-15.79
3636947.39,214450.3,-15.74
3636947.23,214450.62,-15.76
3636947.04,214451,-15.76
3636946.86,214451.38,-15.7
3636946.65,214451.87,-15.65
3636946.51,214452.21,-15.64
3636946.34,214452.62,-15.64
3636946.18,214453.03,-15.66
3636945.99,214453.53,-15.67
3636945.85,214453.88,-15.73
3636945.71,214454.33,-15.76
3636945.56,214454.79,-15.75
3636945.38,214455.3,-15.74
3636945.25,214455.65,-15.74
3636945.09,214456.08,-15.71
3636944.93,214456.51,-15.66
3636944.74,214457.03,-15.68
3636944.61,214457.38,-15.69
3636944.45,214457.82,-15.67
3636944.3,214458.27,-15.68
3636944.12,214458.8,-15.7
3636943.99,214459.16,-15.66
3636943.83,214459.6,-15.63
3636943.67,214460.05,-15.64
3636943.49,214460.56,-15.66
3636943.36,214460.93,-15.66
3636943.21,214461.36,-15.66
3636943.05,214461.82,-15.69
3636942.85,214462.35,-15.67
3636942.71,214462.7,-15.61
3636942.55,214463.16,-15.56
3636942.39,214463.59,-15.55
3636942.18,214464.12,-15.56
3636942.04,214464.48,-15.6
3636941.88,214464.91,-15.62
3636941.71,214465.36,-15.62
3636941.5,214465.88,-15.6
3636941.35,214466.23,-15.57
3636941.18,214466.67,-15.55
3636941,214467.1,-15.56
3636940.79,214467.61,-15.58
3636940.64,214467.96,-15.54
3636940.46,214468.39,-15.48
3636940.28,214468.83,-15.49
3636940.07,214469.34,-15.52
3636939.92,214469.68,-15.53
3636939.76,214470.13,-15.5
3636939.59,214470.56,-15.5
3636939.38,214471.07,-15.5
3636939.23,214471.41,-15.5
3636939.05,214471.85,-15.5
3636938.87,214472.29,-15.48
3636938.69,214472.82,-15.47
3636938.56,214473.19,-15.46
3636938.4,214473.63,-15.45
3636938.24,214474.08,-15.45
3636938.06,214474.61,-15.46
3636937.95,214474.98,-15.45
3636937.8,214475.45,-15.42
3636937.64,214475.92,-15.43
3636937.46,214476.47,-15.4
3636937.34,214476.84,-15.4
3636937.17,214477.31,-15.43
3636937.02,214477.79,-15.44
3636936.83,214478.33,-15.42
3636936.7,214478.7,-15.37
3636936.54,214479.17,-15.37
3636936.39,214479.64,-15.38
3636936.21,214480.21,-15.38
3636936.07,214480.59,-15.37
3636935.91,214481.05,-15.37
3636935.75,214481.53,-15.37
3636935.56,214482.07,-15.37
3636935.43,214482.45,-15.36
3636935.27,214482.92,-15.39
3636935.12,214483.38,-15.43
3636934.93,214483.91,-15.43
3636934.8,214484.28,-15.41
3636934.63,214484.72,-15.39
3636934.47,214485.14,-15.36
3636934.27,214485.66,-15.36
3636934.13,214486.02,-15.38
3636933.95,214486.45,-15.4
3636933.77,214486.87,-15.41
3636933.54,214487.37,-15.4
3636933.38,214487.7,-15.38
3636933.27,214487.93,-15.37
3636933.12,214488.25,-15.36
3636933.02,214488.46,-15.38
3636932.85,214488.81,-15.39
3636932.61,214489.3,-15.39
3636932.44,214489.62,-15.35
3636932.23,214490.02,-15.31
3636932.01,214490.42,-15.31
3636931.78,214490.88,-15.35
3636931.61,214491.23,-15.38
3636931.4,214491.63,-15.37
3636931.2,214492.03,-15.36
3636930.96,214492.5,-15.33
3636930.78,214492.82,-15.32
3636930.59,214493.22,-15.32
3636930.41,214493.61,-15.31
3636930.2,214494.08,-15.3
3636930.06,214494.41,-15.31
3636929.9,214494.81,-15.29
3636929.75,214495.21,-15.26
3636929.56,214495.7,-15.25
3636929.43,214496.05,-15.23
3636929.27,214496.46,-15.23
3636929.14,214496.88,-15.25
3636928.98,214497.38,-15.27
3636928.86,214497.73,-15.25
3636928.72,214498.17,-15.24
3636928.57,214498.6,-15.22
3636928.42,214499.14,-15.22
3636928.31,214499.47,-15.27
3636928.17,214499.88,-15.29
3636928.03,214500.29,-15.25
3636927.87,214500.78,-15.21
3636927.75,214501.12,-15.24
3636927.6,214501.53,-15.27
3636927.44,214501.93,-15.24
3636927.25,214502.4,-15.22
3636927.12,214502.71,-15.22
3636926.97,214503.09,-15.2
3636926.78,214503.46,-15.19
3636926.58,214503.89,-15.16
3636926.43,214504.19,-15.18
3636926.26,214504.55,-15.19
3636926.08,214504.94,-15.2
3636925.87,214505.38,-15.24
3636925.71,214505.65,-15.27
3636925.51,214505.98,-15.29
3636925.3,214506.31,-15.27
3636925.06,214506.71,-15.25
3636924.9,214506.97,-15.24
3636924.7,214507.3,-15.26
3636924.49,214507.64,-15.26
3636924.24,214508.04,-15.25
3636924.07,214508.31,-15.28
3636923.88,214508.64,-15.28
3636923.69,214508.98,-15.3
3636923.45,214509.39,-15.31
3636923.29,214509.69,-15.32
3636923.11,214510.05,-15.31
3636922.93,214510.42,-15.28
3636922.71,214510.88,-15.25
3636922.56,214511.2,-15.2
3636922.4,214511.58,-15.17
3636922.24,214511.96,-15.16
3636922.04,214512.43,-15.16
3636921.92,214512.78,-15.16
3636921.77,214513.2,-15.16
3636921.61,214513.62,-15.16
3636921.44,214514.11,-15.12
3636921.32,214514.46,-15.07
3636921.17,214514.87,-15.08
3636921.02,214515.29,-15.11
3636920.85,214515.8,-15.12
3636920.74,214516.16,-15.12
3636920.59,214516.62,-15.1
3636920.43,214517.07,-15.08
3636920.25,214517.62,-15.08
3636920.12,214518,-15.09
3636919.95,214518.45,-15.1
3636919.77,214518.91,-15.11
3636919.55,214519.47,-15.12
3636919.41,214519.86,-15.14
3636919.22,214520.34,-15.16
3636919.03,214520.81,-15.15
3636918.81,214521.38,-15.16
3636918.65,214521.76,-15.13
3636918.45,214522.23,-15.1
3636918.23,214522.69,-15.04
3636917.97,214523.23,-15.04
3636917.79,214523.61,-15.07
3636917.58,214524.08,-15.11
3636917.36,214524.55,-15.12
3636917.09,214525.12,-15.11
3636916.91,214525.5,-15.08
3636916.69,214525.96,-15.05
3636916.47,214526.42,-15.04
3636916.19,214526.98,-15.06
3636916,214527.37,-15.06
3636915.77,214527.85,-15.07
3636915.56,214528.34,-15.08
3636915.31,214528.93,-15.06
3636915.13,214529.36,-15.05
3636914.93,214529.88,-15.04
3636914.73,214530.41,-15.02
3636914.49,214531.04,-15.01
3636914.32,214531.47,-15
3636914.13,214532.01,-15.03
3636913.94,214532.57,-15.04
3636913.72,214533.21,-14.98
3636913.58,214533.66,-14.95
3636913.41,214534.2,-14.94
3636913.22,214534.79,-14.95
3636913.01,214535.45,-14.96
3636912.87,214535.91,-14.97
3636912.69,214536.49,-14.98
3636912.5,214537.04,-15
3636912.28,214537.7,-14.99
3636912.13,214538.16,-14.96
3636911.94,214538.71,-14.95
3636911.75,214539.28,-14.93
3636911.53,214539.94,-14.91
3636911.37,214540.41,-14.9
3636911.17,214540.98,-14.91
3636910.97,214541.55,-14.94
3636910.74,214542.17,-14.96
3636910.57,214542.6,-14.93
3636910.38,214543.14,-14.91
3636910.17,214543.68,-14.89
3636909.92,214544.28,-14.86
3636909.76,214544.7,-14.85
3636909.55,214545.23,-14.82
3636909.36,214545.74,-14.81
3636909.11,214546.32,-14.84
3636908.93,214546.72,-14.88
3636908.73,214547.22,-14.93
3636908.52,214547.69,-14.91
3636908.27,214548.25,-14.87
3636908.09,214548.64,-14.82
3636907.87,214549.1,-14.79
3636907.65,214549.55,-14.8
3636907.4,214550.05,-14.82
3636907.24,214550.4,-14.84
3636907.04,214550.83,-14.86
3636906.84,214551.25,-14.88
3636906.6,214551.74,-14.88
3636906.43,214552.08,-14.87
3636906.24,214552.47,-14.89
3636906.05,214552.86,-14.91
3636905.82,214553.31,-14.94
3636905.67,214553.62,-14.93
3636905.48,214554,-14.91
3636905.31,214554.39,-14.9
3636905.11,214554.84,-14.89
3636904.97,214555.14,-14.89
3636904.8,214555.5,-14.9
3636904.63,214555.86,-14.87
3636904.44,214556.28,-14.83
3636904.3,214556.57,-14.81
3636904.15,214556.92,-14.81
3636904.01,214557.28,-14.82
3636903.83,214557.71,-14.8
3636903.71,214558.01,-14.8
3636903.55,214558.37,-14.81
3636903.41,214558.73,-14.8
3636903.26,214559.15,-14.79
3636903.15,214559.44,-14.76
3636903,214559.81,-14.74
3636902.86,214560.18,-14.76
3636902.7,214560.61,-14.76
3636902.58,214560.91,-14.74
3636902.43,214561.27,-14.76
3636902.3,214561.63,-14.73
3636902.13,214562.06,-14.71
3636902.01,214562.36,-14.7
3636901.87,214562.74,-14.76
3636901.73,214563.12,-14.8
3636901.56,214563.55,-14.8
3636901.44,214563.86,-14.85
3636901.3,214564.22,-14.88
3636901.15,214564.59,-14.88
3636900.98,214565.03,-14.89
3636900.86,214565.34,-14.88
3636900.71,214565.72,-14.85
3636900.55,214566.1,-14.85
3636900.37,214566.55,-14.86
3636900.25,214566.88,-14.84
3636900.1,214567.27,-14.82
3636899.94,214567.67,-14.81
3636899.75,214568.12,-14.78
3636899.62,214568.45,-14.76
3636899.47,214568.86,-14.76
3636899.31,214569.27,-14.75
3636899.11,214569.77,-14.75
3636898.98,214570.12,-14.77
3636898.83,214570.55,-14.78
3636898.67,214570.98,-14.75
3636898.49,214571.49,-14.75
3636898.36,214571.85,-14.76
3636898.2,214572.28,-14.74
3636898.05,214572.73,-14.74
3636897.87,214573.27,-14.74
3636897.74,214573.62,-14.73
3636897.59,214574.09,-14.71
3636897.45,214574.55,-14.68
3636897.27,214575.09,-14.66
3636897.15,214575.48,-14.66
3636897,214575.96,-14.66
3636896.84,214576.44,-14.65
3636896.66,214577.01,-14.64
3636896.53,214577.41,-14.66
3636896.38,214577.87,-14.68
3636896.22,214578.34,-14.69
3636896.03,214578.91,-14.69
3636895.88,214579.29,-14.67
3636895.71,214579.77,-14.65
3636895.54,214580.27,-14.63
3636895.33,214580.83,-14.62
3636895.23,214581.1,-14.62
3636895.13,214581.38,-14.62
3636895.03,214581.64,-14.61
3636894.89,214582.02,-14.61
3636894.72,214582.5,-14.61
3636894.5,214583.04,-14.61
3636894.35,214583.41,-14.61
3636894.15,214583.9,-14.61
3636893.96,214584.37,-14.6
3636893.74,214584.91,-14.6
3636893.58,214585.28,-14.6
3636893.38,214585.73,-14.6
3636893.19,214586.18,-14.6
3636892.96,214586.7,-14.58
3636892.8,214587.07,-14.56
3636892.6,214587.52,-14.59
3636892.4,214587.95,-14.63
3636892.16,214588.46,-14.64
3636891.99,214588.81,-14.65
3636891.79,214589.23,-14.66
3636891.58,214589.65,-14.67
3636891.34,214590.16,-14.67
3636891.18,214590.51,-14.68
3636890.98,214590.92,-14.7
3636890.76,214591.32,-14.68
3636890.52,214591.8,-14.66
3636890.36,214592.14,-14.66
3636890.14,214592.55,-14.64
3636889.93,214592.95,-14.6
3636889.69,214593.43,-14.58
3636889.53,214593.78,-14.56
3636889.32,214594.19,-14.55
3636889.11,214594.6,-14.55
3636888.88,214595.09,-14.55
3636888.72,214595.43,-14.57
3636888.52,214595.84,-14.58
3636888.35,214596.25,-14.57
3636888.13,214596.75,-14.59
3636887.97,214597.1,-14.6
3636887.79,214597.53,-14.56
3636887.61,214597.96,-14.53
3636887.38,214598.48,-14.55
3636887.24,214598.83,-14.6
3636887.05,214599.28,-14.62
3636886.88,214599.72,-14.6
3636886.67,214600.26,-14.57
3636886.53,214600.63,-14.57
3636886.35,214601.09,-14.53
3636886.18,214601.54,-14.51
3636885.99,214602.09,-14.51
3636885.86,214602.45,-14.53
3636885.69,214602.93,-14.56
3636885.53,214603.41,-14.55
3636885.34,214603.99,-14.56
3636885.21,214604.39,-14.56
3636885.04,214604.86,-14.53
3636884.88,214605.36,-14.54
3636884.68,214605.91,-14.56
3636884.51,214606.28,-14.52
3636884.33,214606.77,-14.47
3636884.17,214607.27,-14.47
3636883.95,214607.82,-14.46
3636883.81,214608.21,-14.46
3636883.65,214608.71,-14.47
3636883.47,214609.2,-14.49
3636883.26,214609.76,-14.48
3636883.11,214610.15,-14.46
3636882.94,214610.65,-14.43
3636882.77,214611.14,-14.43
3636882.55,214611.7,-14.44
3636882.4,214612.09,-14.47
3636882.21,214612.57,-14.46
3636882.03,214613.04,-14.42
3636881.82,214613.6,-14.43
3636881.67,214613.99,-14.44
3636881.49,214614.46,-14.43
3636881.31,214614.93,-14.39
3636881.08,214615.5,-14.37
3636880.94,214615.87,-14.37
3636880.76,214616.35,-14.41
3636880.59,214616.82,-14.44
3636880.38,214617.38,-14.38
3636880.24,214617.76,-14.38
3636880.07,214618.21,-14.37
3636879.91,214618.69,-14.32
3636879.73,214619.23,-14.33
3636879.6,214619.6,-14.33
3636879.43,214620.06,-14.35
3636879.26,214620.5,-14.39
3636879.06,214621.03,-14.38
3636878.91,214621.4,-14.36
3636878.73,214621.83,-14.37
3636878.55,214622.25,-14.4
3636878.33,214622.76,-14.45
3636878.17,214623.12,-14.47
3636877.98,214623.54,-14.46
3636877.78,214623.96,-14.44
3636877.55,214624.45,-14.4
3636877.39,214624.8,-14.37
3636877.19,214625.21,-14.36
3636876.97,214625.63,-14.35
3636876.72,214626.12,-14.34
3636876.55,214626.45,-14.35
3636876.34,214626.87,-14.35
3636876.13,214627.28,-14.36
3636875.87,214627.78,-14.37
3636875.71,214628.13,-14.42
3636875.5,214628.55,-14.42
3636875.27,214628.96,-14.38
3636875.02,214629.44,-14.35
3636874.86,214629.77,-14.32
3636874.68,214630.2,-14.32
3636874.48,214630.62,-14.32
3636874.24,214631.1,-14.32
3636874.08,214631.45,-14.32
3636873.88,214631.88,-14.31
3636873.68,214632.31,-14.3
3636873.47,214632.8,-14.29
3636873.31,214633.13,-14.28
3636873.11,214633.55,-14.26
3636872.92,214633.95,-14.22
3636872.69,214634.44,-14.22
3636872.54,214634.78,-14.23
3636872.34,214635.18,-14.19
3636872.14,214635.58,-14.15
3636871.89,214636.06,-14.15
3636871.73,214636.37,-14.19
3636871.53,214636.76,-14.23
3636871.31,214637.16,-14.25
3636871.05,214637.6,-14.25
3636870.85,214637.92,-14.28
3636870.63,214638.3,-14.29
3636870.4,214638.67,-14.25
3636870.12,214639.11,-14.24
3636869.91,214639.4,-14.25
3636869.67,214639.76,-14.25
3636869.44,214640.12,-14.24
3636869.14,214640.55,-14.26
3636868.94,214640.85,-14.26
3636868.7,214641.21,-14.24
3636868.45,214641.58,-14.27
3636868.17,214642.01,-14.28
3636867.98,214642.31,-14.25
3636867.74,214642.68,-14.23
3636867.51,214643.06,-14.25
3636867.22,214643.51,-14.25
3636867.04,214643.83,-14.23
3636866.83,214644.23,-14.21
3636866.6,214644.63,-14.17
3636866.35,214645.1,-14.16
3636866.19,214645.43,-14.17
3636865.98,214645.85,-14.18
3636865.77,214646.26,-14.19
3636865.53,214646.76,-14.17
3636865.37,214647.09,-14.12
3636865.16,214647.5,-14.11
3636864.96,214647.91,-14.14
3636864.71,214648.4,-14.17
3636864.54,214648.73,-14.15
3636864.33,214649.14,-14.09
3636864.12,214649.55,-14.1
3636863.86,214650.02,-14.1
3636863.66,214650.34,-14.05
3636863.43,214650.74,-14.04
3636863.2,214651.12,-14.05
3636862.92,214651.58,-14.05
3636862.72,214651.88,-14.06
3636862.47,214652.26,-14.06
3636862.22,214652.62,-14.09
3636861.91,214653.06,-14.08
3636861.68,214653.35,-14.07
3636861.42,214653.71,-14.11
3636861.15,214654.06,-14.12
3636860.83,214654.46,-14.12
3636860.59,214654.74,-14.13
3636860.32,214655.08,-14.13
3636860.05,214655.42,-14.15
3636859.72,214655.81,-14.15
3636859.48,214656.09,-14.16
3636859.2,214656.42,-14.13
3636858.92,214656.75,-14.1
3636858.59,214657.16,-14.12
3636858.37,214657.44,-14.13
3636858.1,214657.78,-14.08
3636857.83,214658.11,-14.06
3636857.51,214658.53,-14.06
3636857.3,214658.82,-14.07
3636857.05,214659.18,-14.09
3636856.8,214659.53,-14.07
3636856.51,214659.93,-14.08
3636856.31,214660.23,-14.1
3636856.08,214660.59,-14.07
3636855.85,214660.94,-14.05
3636855.59,214661.39,-14.07
3636855.41,214661.69,-14.06
3636855.17,214662.04,-14.03
3636854.95,214662.4,-14.03
3636854.69,214662.83,-14.04
3636854.5,214663.14,-14.05
3636854.27,214663.5,-14.04
3636854.03,214663.86,-13.99
3636853.74,214664.28,-13.99
3636853.55,214664.56,-14.01
3636853.31,214664.9,-14.03
3636853.06,214665.24,-14.03
3636852.76,214665.64,-14.02
3636852.54,214665.93,-14.04
3636852.29,214666.28,-14.06
3636852.02,214666.63,-14.05
3636851.69,214667.04,-14.05
3636851.48,214667.31,-14.08
3636851.22,214667.63,-14.06
3636850.94,214667.98,-14.03
3636850.62,214668.39,-14.03
3636850.4,214668.68,-14.04
3636850.14,214669.03,-14
3636849.87,214669.38,-13.98
3636849.71,214669.58,-13.98
3636849.46,214669.94,-13.99
3636849.31,214670.14,-13.98
3636849.16,214670.37,-14
3636848.89,214670.73,-14.04
3636848.62,214671.11,-14.07
3636848.31,214671.57,-14.04
3636848.1,214671.89,-13.99
3636847.85,214672.28,-13.99
3636847.6,214672.69,-13.99
3636847.3,214673.18,-13.96
3636847.12,214673.52,-13.93
3636846.9,214673.95,-13.96
3636846.67,214674.36,-13.99
3636846.42,214674.87,-13.94
3636846.25,214675.22,-13.9
3636846.03,214675.64,-13.89
3636845.82,214676.08,-13.91
3636845.58,214676.59,-13.92
3636845.42,214676.94,-13.95
3636845.22,214677.37,-13.97
3636845.01,214677.81,-13.94
3636844.77,214678.34,-13.92
3636844.6,214678.7,-13.92
3636844.37,214679.16,-13.88
3636844.15,214679.58,-13.9
3636843.88,214680.1,-13.92
3636843.71,214680.44,-13.94
3636843.49,214680.86,-13.95
3636843.26,214681.27,-13.95
3636842.99,214681.76,-13.94
3636842.79,214682.11,-13.93
3636842.55,214682.52,-13.94
3636842.31,214682.94,-13.96
3636842.03,214683.44,-13.95
3636841.84,214683.79,-13.96
3636841.59,214684.22,-13.99
3636841.33,214684.65,-13.96
3636841.02,214685.15,-13.93
3636840.82,214685.51,-13.91
3636840.57,214685.93,-13.89
3636840.33,214686.35,-13.88
3636840.06,214686.86,-13.87
3636839.87,214687.22,-13.87
3636839.65,214687.66,-13.86
3636839.44,214688.1,-13.85
3636839.19,214688.62,-13.85
3636839.02,214688.98,-13.85
3636838.82,214689.45,-13.86
3636838.63,214689.92,-13.84
3636838.41,214690.46,-13.8
3636838.26,214690.86,-13.75
3636838.09,214691.34,-13.71
3636837.91,214691.82,-13.74
3636837.72,214692.41,-13.76
3636837.58,214692.84,-13.73
3636837.42,214693.33,-13.71
3636837.26,214693.82,-13.71
3636837.07,214694.39,-13.71
3636836.93,214694.78,-13.69
3636836.77,214695.27,-13.67
3636836.61,214695.77,-13.68
3636836.4,214696.35,-13.69
3636836.26,214696.74,-13.7
3636836.08,214697.23,-13.67
3636835.91,214697.7,-13.64
3636835.71,214698.25,-13.64
3636835.57,214698.62,-13.65
3636835.39,214699.09,-13.66
3636835.21,214699.54,-13.7
3636834.99,214700.09,-13.78
3636834.85,214700.44,-13.79
3636834.67,214700.88,-13.74
3636834.51,214701.3,-13.76
3636834.3,214701.79,-13.79
3636834.14,214702.14,-13.76
3636833.96,214702.55,-13.74
3636833.77,214702.97,-13.73
3636833.55,214703.44,-13.75
3636833.4,214703.77,-13.75
3636833.21,214704.17,-13.71
3636833.03,214704.57,-13.71
3636832.81,214705.04,-13.71
3636832.66,214705.38,-13.75
3636832.49,214705.76,-13.77
3636832.3,214706.15,-13.7
3636832.08,214706.61,-13.69
3636831.93,214706.93,-13.73
3636831.75,214707.32,-13.73
3636831.58,214707.71,-13.68
3636831.39,214708.18,-13.68
3636831.25,214708.51,-13.69
3636831.08,214708.89,-13.69
3636830.92,214709.3,-13.71
3636830.74,214709.78,-13.7
3636830.62,214710.1,-13.65
3636830.47,214710.5,-13.63
3636830.32,214710.91,-13.61
3636830.16,214711.4,-13.58
3636830.04,214711.73,-13.58
3636829.89,214712.14,-13.57
3636829.75,214712.55,-13.59
3636829.58,214713.03,-13.62
3636829.45,214713.37,-13.62
3636829.31,214713.79,-13.6
3636829.16,214714.19,-13.64
3636828.97,214714.7,-13.67
3636828.84,214715.04,-13.64
3636828.68,214715.46,-13.65
3636828.51,214715.88,-13.67
3636828.31,214716.37,-13.65
3636828.18,214716.7,-13.57
3636828,214717.12,-13.54
3636827.82,214717.53,-13.52
3636827.61,214718,-13.5
3636827.45,214718.35,-13.51
3636827.25,214718.78,-13.55
3636827.05,214719.2,-13.55
3636826.82,214719.67,-13.54
3636826.66,214720.01,-13.53
3636826.46,214720.42,-13.55
3636826.26,214720.83,-13.58
3636826.01,214721.32,-13.58
3636825.84,214721.64,-13.6
3636825.64,214722.06,-13.63
3636825.45,214722.49,-13.63
3636825.2,214722.98,-13.6
3636825.03,214723.31,-13.6
3636824.82,214723.73,-13.57
3636824.61,214724.18,-13.53
3636824.39,214724.68,-13.53
3636824.23,214725.04,-13.5
3636824.03,214725.48,-13.51
3636823.83,214725.92,-13.51
3636823.61,214726.45,-13.52
3636823.46,214726.83,-13.52
3636823.28,214727.29,-13.51
3636823.1,214727.74,-13.52
3636822.89,214728.29,-13.51
3636822.75,214728.67,-13.49
3636822.57,214729.14,-13.48
3636822.4,214729.62,-13.46
3636822.2,214730.18,-13.46
3636822.07,214730.55,-13.45
3636821.9,214731.02,-13.44
3636821.73,214731.49,-13.43
3636821.56,214732.05,-13.43
3636821.43,214732.45,-13.43
3636821.26,214732.92,-13.41
3636821.08,214733.42,-13.4
3636820.89,214733.97,-13.4
3636820.77,214734.36,-13.4
3636820.6,214734.84,-13.39
3636820.44,214735.33,-13.38
3636820.26,214735.88,-13.37
3636820.12,214736.27,-13.36
3636819.95,214736.75,-13.36
3636819.78,214737.22,-13.34
3636819.58,214737.77,-13.38
3636819.45,214738.16,-13.38
3636819.29,214738.62,-13.34
3636819.12,214739.09,-13.32
3636818.92,214739.65,-13.31
3636818.79,214740.02,-13.3
3636818.62,214740.49,-13.32
3636818.46,214740.94,-13.37
3636818.26,214741.46,-13.37
3636818.13,214741.83,-13.37
3636817.97,214742.27,-13.37
3636817.8,214742.72,-13.37
3636817.61,214743.25,-13.36
3636817.48,214743.61,-13.35
3636817.32,214744.06,-13.35
3636817.16,214744.5,-13.35
3636816.97,214745.02,-13.37
3636816.84,214745.39,-13.38
3636816.68,214745.82,-13.39
3636816.51,214746.25,-13.38
3636816.31,214746.76,-13.35
3636816.18,214747.12,-13.33
3636816.02,214747.56,-13.33
3636815.87,214748,-13.33
3636815.66,214748.5,-13.31
3636815.51,214748.85,-13.3
3636815.35,214749.28,-13.31
3636815.18,214749.71,-13.32
3636814.99,214750.22,-13.32
3636814.86,214750.57,-13.29
3636814.69,214751.02,-13.29
3636814.53,214751.44,-13.27
3636814.36,214751.97,-13.25
3636814.23,214752.33,-13.22
3636814.08,214752.77,-13.23
3636813.93,214753.19,-13.25
3636813.75,214753.72,-13.24
3636813.63,214754.08,-13.26
3636813.49,214754.53,-13.25
3636813.34,214754.96,-13.23
3636813.16,214755.47,-13.19
3636813.03,214755.82,-13.16
3636812.87,214756.25,-13.17
3636812.71,214756.71,-13.18
3636812.54,214757.22,-13.2
3636812.42,214757.58,-13.21
3636812.26,214758.02,-13.22
3636812.09,214758.44,-13.21
3636811.9,214758.93,-13.19
3636811.75,214759.29,-13.18
3636811.58,214759.72,-13.15
3636811.4,214760.14,-13.17
3636811.19,214760.64,-13.25
3636811.03,214761,-13.27
3636810.85,214761.41,-13.22
3636810.65,214761.84,-13.18
3636810.54,214762.06,-13.15
3636810.35,214762.47,-13.14
3636810.24,214762.7,-13.14
3636810.13,214762.94,-13.15
3636809.93,214763.34,-13.15
3636809.73,214763.74,-13.16
3636809.49,214764.22,-13.14
3636809.33,214764.54,-13.11
3636809.1,214764.96,-13.1
3636808.88,214765.38,-13.11
3636808.62,214765.83,-13.16
3636808.44,214766.17,-13.22
3636808.22,214766.58,-13.22
3636807.99,214766.99,-13.21
3636807.73,214767.45,-13.21
3636807.55,214767.76,-13.22
3636807.33,214768.14,-13.2
3636807.09,214768.52,-13.16
3636806.81,214768.97,-13.15
3636806.61,214769.29,-13.16
3636806.37,214769.68,-13.17
3636806.13,214770.07,-13.23
3636805.83,214770.52,-13.27
3636805.63,214770.84,-13.25
3636805.39,214771.22,-13.22
3636805.12,214771.62,-13.17
3636804.82,214772.08,-13.12
3636804.6,214772.4,-13.09
3636804.35,214772.81,-13.14
3636804.1,214773.21,-13.14
3636803.79,214773.71,-13.11
3636803.58,214774.06,-13.1
3636803.33,214774.48,-13.1
3636803.08,214774.9,-13.11
3636802.79,214775.41,-13.14
3636802.59,214775.77,-13.15
3636802.33,214776.23,-13.13
3636802.06,214776.65,-13.1
3636801.74,214777.15,-13.1
3636801.53,214777.5,-13.1
3636801.28,214777.95,-13.08
3636801.02,214778.4,-13.06
3636800.71,214778.91,-13.04
3636800.49,214779.27,-13.05
3636800.22,214779.73,-13.06
3636799.96,214780.16,-13.05
3636799.65,214780.68,-13.03
3636799.44,214781.04,-13.03
3636799.16,214781.49,-13.04
3636798.89,214781.93,-13.09
3636798.58,214782.43,-13.07
3636798.35,214782.8,-13.02
3636798.08,214783.23,-13.01
3636797.81,214783.66,-13
3636797.49,214784.16,-12.97
3636797.26,214784.52,-12.97
3636796.97,214784.93,-13.01
3636796.69,214785.33,-13.03
3636796.35,214785.81,-13.03
3636796.11,214786.13,-13.01
3636795.82,214786.52,-13.01
3636795.53,214786.91,-13.02
3636795.19,214787.34,-13.04
3636794.95,214787.65,-13.04
3636794.64,214788.01,-13.04
3636794.34,214788.36,-13.04
3636793.98,214788.79,-13.01
3636793.72,214789.08,-13
3636793.41,214789.43,-13.03
3636793.12,214789.76,-13.06
3636792.77,214790.18,-13.07
3636792.52,214790.47,-13.09
3636792.23,214790.81,-13.05
3636791.93,214791.15,-13
3636791.58,214791.55,-13
3636791.34,214791.83,-12.99
3636791.05,214792.15,-12.94
3636790.76,214792.48,-12.92
3636790.42,214792.89,-12.94
3636790.19,214793.17,-12.95
3636789.92,214793.5,-12.91
3636789.64,214793.84,-12.89
3636789.33,214794.25,-12.92
3636789.1,214794.54,-12.92
3636788.85,214794.88,-12.9
3636788.58,214795.22,-12.92
3636788.28,214795.62,-12.95
3636788.07,214795.9,-12.95
3636787.82,214796.24,-12.93
3636787.57,214796.57,-12.91
3636787.26,214796.97,-12.9
3636787.04,214797.24,-12.9
3636786.78,214797.57,-12.87
3636786.52,214797.9,-12.87
3636786.22,214798.27,-12.89
3636785.99,214798.52,-12.9
3636785.72,214798.82,-12.87
3636785.46,214799.12,-12.86
3636785.13,214799.48,-12.87
3636784.89,214799.72,-12.88
3636784.59,214800,-12.9
3636784.3,214800.26,-12.9
3636783.95,214800.58,-12.88
3636783.71,214800.81,-12.88
3636783.4,214801.07,-12.89
3636783.08,214801.33,-12.93
3636782.71,214801.63,-12.99
3636782.45,214801.86,-12.97
3636782.13,214802.14,-12.92
3636781.83,214802.42,-12.89
3636781.47,214802.74,-12.86
3636781.21,214802.96,-12.84
3636780.9,214803.26,-12.86
3636780.62,214803.56,-12.87
3636780.28,214803.93,-12.84
3636780.06,214804.2,-12.82
3636779.79,214804.54,-12.83
3636779.52,214804.88,-12.84
3636779.22,214805.32,-12.84
3636779.03,214805.63,-12.86
3636778.8,214806.02,-12.85
3636778.56,214806.42,-12.8
3636778.28,214806.89,-12.77
3636778.11,214807.22,-12.76
3636777.88,214807.62,-12.77
3636777.65,214808.01,-12.79
3636777.39,214808.49,-12.8
3636777.2,214808.82,-12.81
3636776.98,214809.21,-12.8
3636776.75,214809.63,-12.76
3636776.47,214810.1,-12.77
3636776.28,214810.42,-12.77
3636776.02,214810.79,-12.75
3636775.76,214811.16,-12.76
3636775.44,214811.59,-12.78
3636775.22,214811.87,-12.78
3636774.94,214812.23,-12.76
3636774.64,214812.59,-12.72
3636774.3,214812.99,-12.69
3636774.05,214813.28,-12.69
3636773.74,214813.62,-12.71
3636773.43,214813.96,-12.74
3636773.06,214814.38,-12.74
3636772.8,214814.65,-12.76
3636772.48,214814.99,-12.77
3636772.16,214815.33,-12.76
3636771.8,214815.73,-12.77
3636771.55,214816.03,-12.78
3636771.25,214816.39,-12.76
3636770.96,214816.74,-12.73
3636770.62,214817.17,-12.72
3636770.39,214817.5,-12.72
3636770.12,214817.88,-12.73
3636769.86,214818.27,-12.71
3636769.55,214818.76,-12.67
3636769.34,214819.11,-12.67
3636769.11,214819.53,-12.66
3636768.88,214819.95,-12.66
3636768.61,214820.46,-12.68
3636768.43,214820.83,-12.68
3636768.21,214821.27,-12.67
3636767.99,214821.71,-12.67
3636767.74,214822.25,-12.65
3636767.57,214822.61,-12.61
3636767.36,214823.06,-12.59
3636767.15,214823.49,-12.61
3636766.89,214824.01,-12.63
3636766.71,214824.36,-12.64
3636766.48,214824.8,-12.66
3636766.25,214825.24,-12.67
3636765.98,214825.75,-12.67
3636765.78,214826.09,-12.66
3636765.53,214826.51,-12.66
3636765.3,214826.94,-12.66
3636765.01,214827.43,-12.65
3636764.8,214827.77,-12.66
3636764.53,214828.18,-12.64
3636764.27,214828.59,-12.65
3636763.95,214829.07,-12.62
3636763.74,214829.39,-12.6
3636763.48,214829.78,-12.59
3636763.22,214830.17,-12.58
3636762.9,214830.64,-12.6
3636762.67,214830.97,-12.62
3636762.41,214831.35,-12.66
3636762.13,214831.72,-12.68
3636761.81,214832.17,-12.68
3636761.59,214832.48,-12.68
3636761.33,214832.85,-12.67
3636761.06,214833.24,-12.69
3636760.74,214833.66,-12.71
3636760.51,214833.98,-12.67
3636760.24,214834.36,-12.65
3636760,214834.74,-12.64
3636759.7,214835.19,-12.63
3636759.49,214835.49,-12.6
3636759.24,214835.87,-12.61
3636759,214836.25,-12.64
3636758.7,214836.7,-12.63
3636758.5,214837.03,-12.58
3636758.26,214837.43,-12.55
3636758.02,214837.82,-12.55
3636757.74,214838.28,-12.54
3636757.55,214838.62,-12.52
3636757.31,214839.02,-12.49
3636757.07,214839.43,-12.47
3636756.78,214839.92,-12.49
3636756.6,214840.26,-12.48
3636756.37,214840.69,-12.46
3636756.14,214841.1,-12.47
3636755.86,214841.58,-12.48
3636755.66,214841.91,-12.46
3636755.41,214842.33,-12.43
3636755.16,214842.73,-12.46
3636754.87,214843.2,-12.49
3636754.67,214843.54,-12.51
3636754.41,214843.95,-12.51
3636754.15,214844.35,-12.51
3636753.86,214844.84,-12.5
3636753.66,214845.16,-12.48
3636753.51,214845.39,-12.46
3636753.3,214845.7,-12.47
3636753.16,214845.93,-12.5
3636752.95,214846.23,-12.5
3636752.63,214846.71,-12.49
3636752.41,214847.04,-12.47
3636752.16,214847.43,-12.46
3636751.9,214847.83,-12.44
3636751.59,214848.3,-12.46
3636751.37,214848.62,-12.47
3636751.12,214849.03,-12.45
3636750.86,214849.43,-12.46
3636750.55,214849.92,-12.47
3636750.33,214850.25,-12.5
3636750.07,214850.65,-12.5
3636749.81,214851.04,-12.46
3636749.52,214851.55,-12.45
3636749.32,214851.89,-12.47
3636749.07,214852.3,-12.48
3636748.82,214852.72,-12.46
3636748.52,214853.21,-12.47
3636748.31,214853.56,-12.47
3636748.07,214853.97,-12.45
3636747.83,214854.37,-12.41
3636747.54,214854.87,-12.38
3636747.34,214855.21,-12.37
3636747.1,214855.62,-12.38
3636746.86,214856.04,-12.39
3636746.57,214856.53,-12.38
3636746.37,214856.88,-12.36
3636746.15,214857.3,-12.36
3636745.91,214857.71,-12.37
3636745.63,214858.21,-12.39
3636745.43,214858.54,-12.38
3636745.19,214858.94,-12.37
3636744.95,214859.37,-12.36
3636744.65,214859.85,-12.36
3636744.45,214860.18,-12.36
3636744.22,214860.6,-12.37
3636743.99,214861.01,-12.38
3636743.71,214861.51,-12.38
3636743.52,214861.86,-12.37
3636743.28,214862.28,-12.36
3636743.03,214862.69,-12.36
3636742.76,214863.18,-12.35
3636742.56,214863.52,-12.34
3636742.32,214863.94,-12.33
3636742.09,214864.35,-12.33
3636741.81,214864.84,-12.33
3636741.62,214865.19,-12.33
3636741.38,214865.6,-12.32
3636741.14,214866.01,-12.31
3636740.86,214866.48,-12.33
3636740.68,214866.84,-12.34
3636740.47,214867.27,-12.31
3636740.25,214867.67,-12.25
3636739.97,214868.16,-12.22
3636739.78,214868.49,-12.23
3636739.56,214868.9,-12.26
3636739.34,214869.31,-12.28
3636739.08,214869.79,-12.29
3636738.92,214870.12,-12.27
3636738.72,214870.52,-12.26
3636738.52,214870.9,-12.3
3636738.28,214871.37,-12.31
3636738.11,214871.68,-12.27
3636737.88,214872.06,-12.23
3636737.67,214872.45,-12.23
3636737.44,214872.91,-12.21
3636737.27,214873.21,-12.24
3636737.06,214873.57,-12.25
3636736.84,214873.94,-12.24
3636736.59,214874.37,-12.23
3636736.41,214874.66,-12.24
3636736.19,214875.02,-12.25
3636735.99,214875.36,-12.23
3636735.73,214875.77,-12.22
3636735.56,214876.04,-12.22
3636735.34,214876.39,-12.23
3636735.13,214876.73,-12.24
3636734.87,214877.12,-12.25
3636734.7,214877.38,-12.28
3636734.49,214877.71,-12.31
3636734.28,214878.04,-12.29
3636734.04,214878.42,-12.27
3636733.87,214878.69,-12.24
3636733.67,214879.04,-12.24
3636733.48,214879.39,-12.24
3636733.25,214879.83,-12.21
3636733.1,214880.11,-12.21
3636732.91,214880.46,-12.18
3636732.72,214880.82,-12.18
3636732.52,214881.24,-12.17
3636732.38,214881.53,-12.1
3636732.2,214881.9,-12.12
3636732.04,214882.28,-12.22
3636731.85,214882.73,-12.23
3636731.71,214883.05,-12.23
3636731.54,214883.43,-12.24
3636731.37,214883.81,-12.21
3636731.2,214884.28,-12.2
3636731.07,214884.61,-12.19
3636730.93,214885.02,-12.19
3636730.78,214885.43,-12.19
3636730.61,214885.92,-12.19
3636730.48,214886.28,-12.18
3636730.34,214886.7,-12.2
3636730.19,214887.12,-12.2
3636730.03,214887.63,-12.18
3636729.91,214888.01,-12.17
3636729.78,214888.46,-12.17
3636729.65,214888.92,-12.14
3636729.49,214889.48,-12.15
3636729.37,214889.86,-12.2
3636729.23,214890.33,-12.24
3636729.09,214890.81,-12.23
3636728.93,214891.39,-12.2
3636728.82,214891.79,-12.17
3636728.68,214892.3,-12.13
3636728.54,214892.8,-12.09
3636728.38,214893.41,-12.09
3636728.27,214893.82,-12.11
3636728.14,214894.34,-12.09
3636728.02,214894.84,-12.06
3636727.87,214895.43,-12.07
3636727.76,214895.86,-12.09
3636727.63,214896.37,-12.08
3636727.5,214896.89,-12.08
3636727.35,214897.51,-12.1
3636727.25,214897.95,-12.09
3636727.12,214898.46,-12.07
3636726.99,214898.97,-12.05
3636726.83,214899.58,-12.03
3636726.71,214899.99,-12.03
3636726.58,214900.51,-12.04
3636726.45,214901.03,-12.02
3636726.28,214901.63,-11.99
3636726.17,214902.06,-11.98
3636726.03,214902.56,-11.97
3636725.89,214903.07,-11.96
3636725.73,214903.68,-11.96
3636725.62,214904.09,-12
3636725.48,214904.58,-12
3636725.34,214905.07,-11.97
3636725.16,214905.66,-11.99
3636725.03,214906.07,-11.98
3636724.88,214906.54,-11.95
3636724.74,214907,-11.96
3636724.56,214907.57,-11.96
3636724.44,214907.96,-11.96
3636724.29,214908.43,-12
3636724.13,214908.9,-12
3636723.95,214909.44,-11.97
3636723.81,214909.83,-11.97
3636723.66,214910.28,-11.97
3636723.5,214910.72,-11.97
3636723.3,214911.26,-12
3636723.16,214911.63,-12.01
3636723,214912.08,-11.98
3636722.82,214912.52,-11.97
3636722.61,214913.05,-11.97
3636722.48,214913.43,-11.97
3636722.31,214913.88,-11.96
3636722.13,214914.31,-11.95
3636721.91,214914.83,-11.99
3636721.77,214915.2,-12.02
3636721.6,214915.67,-12
3636721.41,214916.11,-11.97
3636721.2,214916.64,-11.93
3636721.05,214917,-11.89
3636720.87,214917.45,-11.89
3636720.7,214917.88,-11.89
3636720.48,214918.41,-11.91
3636720.34,214918.78,-11.92
3636720.16,214919.23,-11.94
3636719.97,214919.67,-11.96
3636719.76,214920.21,-11.96
3636719.62,214920.58,-11.94
3636719.43,214921.04,-11.92
3636719.26,214921.49,-11.88
3636719.05,214922.02,-11.85
3636718.88,214922.39,-11.81
3636718.69,214922.85,-11.81
3636718.5,214923.31,-11.77
3636718.29,214923.87,-11.73
3636718.14,214924.25,-11.75
3636717.95,214924.71,-11.75
3636717.75,214925.18,-11.75
3636717.52,214925.75,-11.76
3636717.37,214926.13,-11.76
3636717.16,214926.6,-11.79
3636716.95,214927.07,-11.76
3636716.7,214927.62,-11.7
3636716.52,214928.01,-11.7
3636716.3,214928.47,-11.73
3636716.09,214928.94,-11.73
3636715.85,214929.48,-11.74
3636715.68,214929.88,-11.74
3636715.46,214930.34,-11.73
3636715.23,214930.81,-11.76
3636714.97,214931.36,-11.77
3636714.78,214931.73,-11.76
3636714.56,214932.18,-11.76
3636714.33,214932.63,-11.74
3636714.07,214933.17,-11.74
3636713.88,214933.55,-11.72
3636713.66,214934,-11.71
3636713.43,214934.45,-11.71
3636713.16,214934.97,-11.72
3636713,214935.34,-11.73
3636712.79,214935.77,-11.71
3636712.56,214936.22,-11.69
3636712.31,214936.73,-11.66
3636712.19,214936.97,-11.66
3636712.05,214937.23,-11.66
3636711.93,214937.47,-11.64
3636711.76,214937.81,-11.63
3636711.55,214938.24,-11.62
3636711.3,214938.76,-11.63
3636711.13,214939.1,-11.65
3636710.92,214939.52,-11.68
3636710.7,214939.94,-11.68
3636710.44,214940.44,-11.62
3636710.26,214940.79,-11.59
3636710.05,214941.21,-11.6
3636709.83,214941.62,-11.62
3636709.57,214942.11,-11.65
3636709.39,214942.44,-11.64
3636709.17,214942.86,-11.6
3636708.95,214943.24,-11.6
3636708.69,214943.69,-11.6
3636708.51,214944.02,-11.61
3636708.28,214944.41,-11.6
3636708.06,214944.79,-11.56
3636707.8,214945.25,-11.55
3636707.62,214945.56,-11.55
3636707.39,214945.93,-11.59
3636707.17,214946.31,-11.64
3636706.9,214946.75,-11.63
3636706.71,214947.06,-11.62
3636706.49,214947.44,-11.6
3636706.26,214947.81,-11.57
3636706.01,214948.26,-11.54
3636705.84,214948.59,-11.53
3636705.63,214948.97,-11.55
3636705.43,214949.36,-11.59
3636705.2,214949.81,-11.62
3636705.04,214950.14,-11.66
3636704.86,214950.54,-11.63
3636704.69,214950.94,-11.59
3636704.48,214951.41,-11.57
3636704.33,214951.75,-11.55
3636704.14,214952.15,-11.54
3636703.96,214952.55,-11.51
3636703.75,214953.04,-11.46
3636703.6,214953.38,-11.48
3636703.42,214953.79,-11.52
3636703.24,214954.2,-11.56
3636703.02,214954.68,-11.56
3636702.86,214955.02,-11.51
3636702.68,214955.42,-11.45
3636702.49,214955.83,-11.45
3636702.27,214956.3,-11.48
3636702.12,214956.64,-11.46
3636701.94,214957.04,-11.45
3636701.75,214957.43,-11.48
3636701.51,214957.88,-11.48
3636701.34,214958.19,-11.47
3636701.13,214958.55,-11.47
3636700.93,214958.91,-11.47
3636700.69,214959.35,-11.46
3636700.52,214959.66,-11.48
3636700.31,214960.02,-11.49
3636700.1,214960.37,-11.49
3636699.85,214960.78,-11.49
3636699.69,214961.06,-11.47
3636699.49,214961.41,-11.47
3636699.28,214961.77,-11.47
3636699.03,214962.17,-11.46
3636698.85,214962.45,-11.46
3636698.63,214962.78,-11.47
3636698.43,214963.13,-11.49
3636698.19,214963.54,-11.51
3636698.01,214963.81,-11.49
3636697.8,214964.16,-11.45
3636697.59,214964.51,-11.43
3636697.36,214964.92,-11.4
3636697.19,214965.2,-11.41
3636696.98,214965.55,-11.42
3636696.78,214965.89,-11.41
3636696.54,214966.31,-11.39
3636696.37,214966.6,-11.36
3636696.17,214966.95,-11.33
3636695.96,214967.3,-11.34
3636695.73,214967.72,-11.36
3636695.57,214968,-11.37
3636695.37,214968.36,-11.39
3636695.17,214968.72,-11.4
3636694.93,214969.13,-11.4
3636694.76,214969.42,-11.38
3636694.55,214969.78,-11.35
3636694.35,214970.14,-11.34
3636694.1,214970.57,-11.33
3636693.94,214970.86,-11.33
3636693.74,214971.22,-11.36
3636693.53,214971.59,-11.36
3636693.3,214972.04,-11.36
3636693.14,214972.35,-11.37
3636692.92,214972.73,-11.33
3636692.72,214973.11,-11.3
3636692.48,214973.57,-11.32
3636692.3,214973.89,-11.3
3636692.1,214974.27,-11.29
3636691.9,214974.67,-11.3
3636691.64,214975.14,-11.35
3636691.46,214975.47,-11.39
3636691.24,214975.88,-11.39
3636691.01,214976.29,-11.37
3636690.75,214976.77,-11.34
3636690.57,214977.1,-11.33
3636690.34,214977.52,-11.3
3636690.11,214977.94,-11.26
3636689.84,214978.42,-11.27
3636689.66,214978.76,-11.29
3636689.43,214979.18,-11.28
3636689.2,214979.62,-11.27
3636688.93,214980.11,-11.24
3636688.74,214980.45,-11.22
3636688.51,214980.86,-11.2
3636688.27,214981.3,-11.2
3636687.99,214981.82,-11.22
3636687.8,214982.18,-11.23
3636687.57,214982.6,-11.23
3636687.33,214983.03,-11.24
3636687.05,214983.55,-11.26
3636686.86,214983.91,-11.24
3636686.62,214984.35,-11.2
3636686.38,214984.8,-11.18
3636686.1,214985.34,-11.2
3636685.9,214985.72,-11.21
3636685.67,214986.18,-11.22
3636685.43,214986.65,-11.22
3636685.15,214987.17,-11.18
3636684.95,214987.54,-11.13
3636684.71,214988,-11.12
3636684.48,214988.48,-11.13
3636684.21,214989.03,-11.13
3636684.01,214989.42,-11.13
3636683.76,214989.88,-11.12
3636683.5,214990.34,-11.12
3636683.23,214990.89,-11.1
3636683.03,214991.27,-11.07
3636682.79,214991.74,-11.05
3636682.55,214992.2,-11.04
3636682.26,214992.76,-11.04
3636682.06,214993.17,-11.04
3636681.8,214993.65,-11.04
3636681.56,214994.13,-11.05
3636681.27,214994.7,-11.06
3636681.09,214995.09,-11.07
3636680.85,214995.59,-11.08
3636680.6,214996.08,-11.09
3636680.31,214996.67,-11.12
3636680.12,214997.05,-11.14
3636679.87,214997.53,-11.16
3636679.63,214998,-11.19
3636679.35,214998.54,-11.16
3636679.14,214998.92,-11.09
3636678.89,214999.38,-11.02
3636678.65,214999.84,-11
3636678.36,215000.39,-10.99
3636678.15,215000.77,-10.99
3636677.88,215001.23,-11.02
3636677.63,215001.69,-11.03
3636677.34,215002.23,-11
3636677.13,215002.61,-10.99
3636676.87,215003.08,-10.99
3636676.63,215003.52,-10.99
3636676.34,215004.06,-10.99
3636676.16,215004.42,-10.95
3636675.92,215004.86,-10.95
3636675.69,215005.3,-10.98
3636675.43,215005.83,-11
3636675.25,215006.19,-11.01
3636675.03,215006.64,-10.99
3636674.82,215007.09,-10.94
3636674.57,215007.62,-10.95
3636674.41,215007.97,-10.95
3636674.2,215008.41,-10.94
3636673.99,215008.86,-10.91
3636673.75,215009.37,-10.9
3636673.58,215009.73,-10.86
3636673.38,215010.16,-10.84
3636673.18,215010.61,-10.85
3636672.93,215011.12,-10.86
3636672.76,215011.47,-10.88
3636672.56,215011.89,-10.89
3636672.35,215012.31,-10.88
3636672.11,215012.81,-10.85
3636671.94,215013.15,-10.83
3636671.73,215013.56,-10.84
3636671.52,215013.97,-10.85
3636671.26,215014.44,-10.82
3636671.09,215014.78,-10.79
3636670.88,215015.18,-10.77
3636670.66,215015.57,-10.77
3636670.4,215016.03,-10.76
3636670.23,215016.36,-10.76
3636670.02,215016.77,-10.76
3636669.81,215017.17,-10.76
3636669.55,215017.64,-10.76
3636669.38,215017.97,-10.76
3636669.18,215018.37,-10.77
3636668.98,215018.77,-10.77
3636668.75,215019.25,-10.78
3636668.61,215019.59,-10.79
3636668.42,215020.01,-10.81
3636668.23,215020.41,-10.82
3636668,215020.89,-10.79
3636667.86,215021.23,-10.75
3636667.69,215021.64,-10.75
3636667.51,215022.05,-10.77
3636667.31,215022.53,-10.75
3636667.16,215022.87,-10.72
3636666.99,215023.3,-10.72
3636666.83,215023.73,-10.74
3636666.64,215024.22,-10.72
3636666.51,215024.56,-10.7
3636666.35,215024.98,-10.7
3636666.26,215025.21,-10.69
3636666.13,215025.55,-10.65
3636666.01,215025.86,-10.65
3636665.91,215026.11,-10.65
3636665.75,215026.54,-10.67
3636665.59,215026.96,-10.68
3636665.44,215027.38,-10.71
3636665.25,215027.86,-10.67
3636665.12,215028.2,-10.64
3636664.96,215028.61,-10.64
3636664.8,215029.03,-10.64
3636664.61,215029.52,-10.66
3636664.47,215029.86,-10.65
3636664.3,215030.27,-10.65
3636664.14,215030.67,-10.64
3636663.95,215031.15,-10.64
3636663.81,215031.47,-10.64
3636663.64,215031.86,-10.64
3636663.48,215032.26,-10.61
3636663.29,215032.73,-10.59
3636663.15,215033.05,-10.61
3636662.97,215033.44,-10.65
3636662.8,215033.82,-10.65
3636662.6,215034.28,-10.65
3636662.47,215034.6,-10.64
3636662.31,215034.99,-10.64
3636662.15,215035.37,-10.62
3636661.96,215035.83,-10.61
3636661.83,215036.16,-10.64
3636661.66,215036.55,-10.68
3636661.51,215036.95,-10.66
3636661.33,215037.42,-10.62
3636661.22,215037.76,-10.6
3636661.08,215038.16,-10.6
3636660.94,215038.57,-10.6
3636660.76,215039.04,-10.59
3636660.65,215039.39,-10.63
3636660.52,215039.82,-10.65
3636660.39,215040.23,-10.59
3636660.23,215040.73,-10.57
3636660.11,215041.07,-10.56
3636659.96,215041.49,-10.55
3636659.82,215041.91,-10.61
3636659.65,215042.43,-10.65
3636659.53,215042.78,-10.6
3636659.38,215043.22,-10.57
3636659.25,215043.66,-10.55
3636659.07,215044.2,-10.52
3636658.95,215044.56,-10.52
3636658.79,215045,-10.52
3636658.64,215045.46,-10.53
3636658.46,215046.01,-10.54
3636658.33,215046.4,-10.53
3636658.18,215046.87,-10.51
3636658.02,215047.35,-10.48
3636657.84,215047.91,-10.48
3636657.71,215048.31,-10.53
3636657.55,215048.82,-10.54
3636657.38,215049.31,-10.49
3636657.19,215049.9,-10.45
3636657.04,215050.31,-10.43
3636656.88,215050.8,-10.41
3636656.72,215051.3,-10.39
3636656.52,215051.89,-10.41
3636656.39,215052.31,-10.45
3636656.23,215052.82,-10.42
3636656.08,215053.32,-10.37
3636655.89,215053.91,-10.35
3636655.74,215054.34,-10.36
3636655.58,215054.84,-10.36
3636655.42,215055.34,-10.33
3636655.24,215055.96,-10.33
3636655.11,215056.38,-10.3
3636654.94,215056.89,-10.28
3636654.76,215057.4,-10.28
3636654.56,215058.01,-10.25
3636654.43,215058.43,-10.24
3636654.27,215058.94,-10.25
3636654.11,215059.43,-10.28
3636653.9,215060.03,-10.3
3636653.76,215060.45,-10.28
3636653.59,215060.95,-10.23
3636653.43,215061.44,-10.23
3636653.23,215062.01,-10.25
3636653.1,215062.4,-10.27
3636652.93,215062.87,-10.26
3636652.76,215063.33,-10.22
3636652.55,215063.87,-10.22
3636652.41,215064.24,-10.23
3636652.23,215064.69,-10.23
3636652.06,215065.13,-10.27
3636651.85,215065.65,-10.25
3636651.7,215066,-10.21
3636651.51,215066.41,-10.2
3636651.32,215066.84,-10.22
3636651.1,215067.32,-10.18
3636650.94,215067.64,-10.17
3636650.74,215068.05,-10.21
3636650.55,215068.43,-10.19
3636650.32,215068.89,-10.17
3636650.17,215069.19,-10.18
3636649.99,215069.56,-10.19
3636649.79,215069.94,-10.19
3636649.56,215070.39,-10.24
3636649.41,215070.7,-10.26
3636649.21,215071.07,-10.21
3636649.03,215071.43,-10.16
3636648.82,215071.86,-10.15
3636648.68,215072.16,-10.14
3636648.5,215072.52,-10.18
3636648.33,215072.89,-10.19
3636648.11,215073.34,-10.14
3636647.97,215073.65,-10.09
3636647.8,215074.02,-10.07
3636647.63,215074.39,-10.08
3636647.44,215074.84,-10.08
3636647.31,215075.16,-10.1
3636647.15,215075.55,-10.11
3636646.98,215075.93,-10.11
3636646.78,215076.39,-10.12
3636646.62,215076.72,-10.12
3636646.44,215077.14,-10.11
3636646.27,215077.51,-10.09
3636646.08,215077.98,-10.05
3636645.96,215078.32,-10.03
3636645.8,215078.75,-10.01
3636645.64,215079.18,-10
3636645.46,215079.7,-9.99
3636645.32,215080.06,-9.98
3636645.16,215080.49,-10
3636644.99,215080.95,-9.99
3636644.82,215081.47,-9.97
3636644.69,215081.83,-9.97
3636644.54,215082.29,-9.99
3636644.38,215082.76,-10.02
3636644.19,215083.31,-9.98
3636644.08,215083.71,-9.97
3636643.93,215084.19,-9.96
3636643.79,215084.68,-9.94
3636643.61,215085.25,-9.96
3636643.48,215085.65,-9.96
3636643.33,215086.16,-9.94
3636643.19,215086.66,-9.95
3636643.03,215087.24,-9.92
3636642.9,215087.67,-9.87
3636642.74,215088.19,-9.85
3636642.59,215088.72,-9.86
3636642.42,215089.34,-9.87
3636642.3,215089.77,-9.84
3636642.14,215090.3,-9.82
3636641.99,215090.83,-9.81
3636641.81,215091.46,-9.8
3636641.68,215091.91,-9.83
3636641.52,215092.43,-9.83
3636641.36,215092.96,-9.82
3636641.16,215093.56,-9.8
3636641.02,215094,-9.79
3636640.85,215094.52,-9.78
3636640.69,215095.05,-9.75
3636640.5,215095.67,-9.74
3636640.36,215096.12,-9.77
3636640.2,215096.64,-9.78
3636640.04,215097.16,-9.75
3636639.85,215097.76,-9.73
3636639.71,215098.17,-9.74
3636639.54,215098.69,-9.69
3636639.38,215099.18,-9.66
3636639.17,215099.81,-9.65
3636639.02,215100.24,-9.67
3636638.85,215100.74,-9.67
3636638.69,215101.22,-9.64
3636638.5,215101.79,-9.59
3636638.35,215102.2,-9.55
3636638.16,215102.68,-9.53
3636637.98,215103.16,-9.52
3636637.74,215103.74,-9.53
3636637.59,215104.13,-9.53
3636637.41,215104.61,-9.5
3636637.19,215105.08,-9.52
3636636.95,215105.62,-9.52
3636636.79,215106,-9.48
3636636.58,215106.47,-9.49
3636636.37,215106.93,-9.49
3636636.11,215107.45,-9.48
3636635.93,215107.81,-9.49
3636635.73,215108.22,-9.47
3636635.51,215108.66,-9.45
3636635.25,215109.17,-9.42
3636635.07,215109.52,-9.41
3636634.83,215109.94,-9.41
3636634.6,215110.37,-9.42
3636634.34,215110.88,-9.42
3636634.15,215111.22,-9.43
3636633.92,215111.64,-9.43
3636633.69,215112.05,-9.44
3636633.42,215112.54,-9.41
3636633.24,215112.89,-9.39
3636633.01,215113.31,-9.4
3636632.78,215113.74,-9.39
3636632.5,215114.25,-9.44
3636632.31,215114.59,-9.44
3636632.08,215115,-9.41
3636631.86,215115.42,-9.38
3636631.59,215115.92,-9.34
3636631.4,215116.27,-9.35
3636631.17,215116.71,-9.38
3636630.94,215117.14,-9.4
3636630.68,215117.64,-9.34
3636630.5,215117.99,-9.28
3636630.28,215118.41,-9.26
3636630.16,215118.64,-9.24
3636629.98,215118.97,-9.24
3636629.81,215119.28,-9.28
3636629.68,215119.53,-9.3
3636629.45,215119.95,-9.29
3636629.23,215120.37,-9.26
3636629,215120.77,-9.26
3636628.73,215121.23,-9.25
3636628.55,215121.57,-9.25
3636628.33,215121.97,-9.27
3636628.09,215122.35,-9.23
3636627.81,215122.81,-9.21
3636627.62,215123.12,-9.24
3636627.38,215123.49,-9.24
3636627.13,215123.86,-9.24
3636626.85,215124.3,-9.21
3636626.65,215124.6,-9.16
3636626.4,215124.94,-9.17
3636626.14,215125.3,-9.19
3636625.85,215125.72,-9.18
3636625.64,215126.01,-9.16
3636625.38,215126.35,-9.15
3636625.13,215126.7,-9.13
3636624.84,215127.09,-9.11
3636624.64,215127.37,-9.09
3636624.4,215127.7,-9.1
3636624.15,215128.04,-9.13
3636623.86,215128.43,-9.1
3636623.66,215128.72,-9.04
3636623.41,215129.07,-9.02
3636623.19,215129.41,-9.01
3636622.92,215129.81,-9.01
3636622.75,215130.08,-9.01
3636622.52,215130.42,-9
3636622.31,215130.77,-8.99
3636622.06,215131.19,-8.95
3636621.88,215131.48,-8.95
3636621.67,215131.83,-8.97
3636621.47,215132.19,-8.95
3636621.24,215132.59,-8.95
3636621.07,215132.88,-8.95
3636620.87,215133.24,-8.94
3636620.68,215133.61,-8.93
3636620.45,215134.04,-8.9
3636620.28,215134.35,-8.92
3636620.08,215134.71,-8.92
3636619.88,215135.07,-8.93
3636619.65,215135.48,-8.94
3636619.49,215135.79,-8.95
3636619.29,215136.15,-8.96
3636619.1,215136.5,-8.94
3636618.87,215136.93,-8.9
3636618.7,215137.23,-8.89
3636618.51,215137.57,-8.9
3636618.31,215137.92,-8.91
3636618.08,215138.33,-8.91
3636617.91,215138.62,-8.91
3636617.7,215138.97,-8.9
3636617.5,215139.31,-8.89
3636617.25,215139.71,-8.87
3636617.07,215140,-8.86
3636616.87,215140.35,-8.85
3636616.66,215140.71,-8.84
3636616.42,215141.11,-8.84
3636616.25,215141.38,-8.83
3636616.04,215141.74,-8.86
3636615.83,215142.1,-8.87
3636615.61,215142.52,-8.84
3636615.45,215142.83,-8.83
3636615.26,215143.2,-8.82
3636615.07,215143.57,-8.83
3636614.86,215144,-8.84
3636614.71,215144.31,-8.81
3636614.54,215144.7,-8.77
3636614.37,215145.1,-8.78
3636614.18,215145.56,-8.79
3636614.04,215145.88,-8.78
3636613.88,215146.28,-8.75
3636613.73,215146.67,-8.71
3636613.55,215147.12,-8.67
3636613.42,215147.44,-8.66
3636613.28,215147.84,-8.66
3636613.13,215148.23,-8.66
3636612.95,215148.68,-8.65
3636612.82,215149.01,-8.65
3636612.67,215149.4,-8.65
3636612.52,215149.78,-8.65
3636612.33,215150.24,-8.67
3636612.2,215150.56,-8.64
3636612.04,215150.92,-8.61
3636611.88,215151.3,-8.6
3636611.69,215151.75,-8.57
3636611.55,215152.05,-8.58
3636611.38,215152.42,-8.62
3636611.21,215152.78,-8.64
3636611.01,215153.21,-8.64
3636610.87,215153.51,-8.6
3636610.69,215153.87,-8.55
3636610.5,215154.23,-8.54
3636610.29,215154.65,-8.55
3636610.13,215154.94,-8.56
3636609.96,215155.29,-8.56
3636609.78,215155.65,-8.57
3636609.57,215156.08,-8.57
3636609.44,215156.39,-8.58
3636609.28,215156.78,-8.59
3636609.1,215157.15,-8.6
3636608.9,215157.59,-8.58
3636608.76,215157.89,-8.55
3636608.6,215158.26,-8.53
3636608.44,215158.62,-8.53
3636608.25,215159.08,-8.52
3636608.11,215159.39,-8.48
3636607.96,215159.77,-8.47
3636607.81,215160.15,-8.46
3636607.64,215160.62,-8.46
3636607.52,215160.93,-8.42
3636607.36,215161.3,-8.39
3636607.21,215161.67,-8.39
3636607.02,215162.15,-8.4
3636606.92,215162.48,-8.41
3636606.78,215162.89,-8.38
3636606.63,215163.3,-8.35
3636606.44,215163.79,-8.34
3636606.3,215164.12,-8.33
3636606.14,215164.52,-8.33
3636605.98,215164.93,-8.32
3636605.77,215165.43,-8.32
3636605.62,215165.77,-8.32
3636605.43,215166.2,-8.32
3636605.25,215166.62,-8.32
3636605.01,215167.14,-8.31
3636604.85,215167.48,-8.28
3636604.65,215167.91,-8.26
3636604.44,215168.35,-8.25
3636604.21,215168.87,-8.26
3636604.03,215169.26,-8.28
3636603.82,215169.7,-8.26
3636603.6,215170.15,-8.24
3636603.33,215170.69,-8.22
3636603.15,215171.05,-8.19
3636602.93,215171.5,-8.18
3636602.69,215171.96,-8.16
3636602.42,215172.5,-8.15
3636602.24,215172.87,-8.14
3636602.01,215173.35,-8.13
3636601.78,215173.82,-8.12
3636601.51,215174.37,-8.11
3636601.32,215174.76,-8.11
3636601.1,215175.23,-8.1
3636600.86,215175.7,-8.09
3636600.59,215176.28,-8.08
3636600.39,215176.68,-8.07
3636600.15,215177.17,-8.04
3636599.9,215177.66,-7.97
3636599.61,215178.22,-7.95
3636599.41,215178.6,-7.92
3636599.16,215179.09,-7.94
3636598.9,215179.56,-7.98
3636598.6,215180.13,-7.97
3636598.39,215180.53,-7.93
3636598.12,215181.03,-7.87
3636597.86,215181.5,-7.84
3636597.54,215182.08,-7.83
3636597.33,215182.47,-7.84
3636597.06,215182.96,-7.87
3636596.78,215183.44,-7.87
3636596.44,215184.01,-7.85
3636596.21,215184.4,-7.83
3636595.92,215184.88,-7.79
3636595.63,215185.36,-7.75
3636595.29,215185.9,-7.76
3636595.05,215186.29,-7.76
3636594.77,215186.76,-7.72
3636594.48,215187.22,-7.7
3636594.14,215187.77,-7.68
3636593.91,215188.15,-7.68
3636593.63,215188.62,-7.67
3636593.35,215189.08,-7.69
3636593.01,215189.62,-7.69
3636592.78,215189.98,-7.65
3636592.5,215190.45,-7.64
3636592.22,215190.9,-7.62
3636591.89,215191.43,-7.61
3636591.64,215191.81,-7.57
3636591.36,215192.26,-7.55
3636591.09,215192.71,-7.57
3636590.76,215193.24,-7.55
3636590.53,215193.61,-7.53
3636590.26,215194.05,-7.51
3636589.98,215194.5,-7.51
3636589.65,215195.02,-7.5
3636589.42,215195.37,-7.46
3636589.14,215195.79,-7.42
3636588.86,215196.22,-7.41
3636588.55,215196.72,-7.41
3636588.33,215197.06,-7.41
3636588.07,215197.47,-7.42
3636587.8,215197.88,-7.42
3636587.47,215198.37,-7.4
3636587.25,215198.7,-7.36
3636586.99,215199.1,-7.34
3636586.73,215199.5,-7.34
3636586.42,215199.97,-7.35
3636586.2,215200.28,-7.36
3636585.94,215200.68,-7.36
3636585.68,215201.05,-7.36
3636585.37,215201.52,-7.35
3636585.16,215201.85,-7.33
3636584.9,215202.23,-7.29
3636584.64,215202.62,-7.24
3636584.34,215203.07,-7.18
3636584.15,215203.39,-7.14
3636583.9,215203.78,-7.12
3636583.65,215204.19,-7.12
3636583.36,215204.66,-7.12
3636583.16,215204.98,-7.11
3636582.9,215205.36,-7.07
3636582.67,215205.76,-7.06
3636582.4,215206.24,-7.04
3636582.21,215206.58,-7.01
3636582.08,215206.8,-6.99
3636581.91,215207.12,-6.98
3636581.78,215207.34,-6.99
3636581.6,215207.68,-7
3636581.33,215208.17,-7
3636581.14,215208.5,-6.99
3636580.93,215208.91,-6.99
3636580.71,215209.34,-7
3636580.44,215209.84,-6.96
3636580.26,215210.18,-6.92
3636580.03,215210.59,-6.9
3636579.8,215211.02,-6.9
3636579.54,215211.51,-6.9
3636579.35,215211.86,-6.9
3636579.13,215212.28,-6.89
3636578.9,215212.69,-6.88
3636578.63,215213.18,-6.88
3636578.45,215213.52,-6.87
3636578.23,215213.93,-6.85
3636578,215214.35,-6.84
3636577.72,215214.83,-6.84
3636577.53,215215.15,-6.86
3636577.3,215215.54,-6.83
3636577.07,215215.94,-6.78
3636576.8,215216.42,-6.78
3636576.62,215216.75,-6.81
3636576.39,215217.15,-6.82
3636576.16,215217.56,-6.83
3636575.9,215218.03,-6.84
3636575.71,215218.35,-6.84
3636575.48,215218.74,-6.81
3636575.26,215219.14,-6.75
3636575,215219.6,-6.7
3636574.82,215219.91,-6.68
3636574.6,215220.31,-6.66
3636574.38,215220.69,-6.66
3636574.12,215221.14,-6.66
3636573.94,215221.44,-6.67
3636573.73,215221.82,-6.65
3636573.51,215222.22,-6.62
3636573.27,215222.66,-6.62
3636573.1,215222.96,-6.61
3636572.89,215223.36,-6.63
3636572.68,215223.74,-6.63
3636572.44,215224.19,-6.61
3636572.28,215224.49,-6.58
3636572.09,215224.86,-6.54
3636571.9,215225.24,-6.52
3636571.67,215225.7,-6.53
3636571.52,215226,-6.54
3636571.32,215226.38,-6.54
3636571.14,215226.75,-6.56
3636570.92,215227.19,-6.58
3636570.77,215227.5,-6.6
3636570.6,215227.86,-6.58
3636570.43,215228.22,-6.53
3636570.23,215228.66,-6.47
3636570.08,215228.98,-6.43
3636569.91,215229.35,-6.44
3636569.73,215229.71,-6.44
3636569.54,215230.15,-6.43
3636569.42,215230.45,-6.4
3636569.25,215230.81,-6.4
3636569.09,215231.18,-6.41
3636568.9,215231.59,-6.45
3636568.75,215231.89,-6.5
3636568.58,215232.24,-6.51
3636568.42,215232.6,-6.51
3636568.22,215233.02,-6.48
3636568.09,215233.3,-6.46
3636567.92,215233.64,-6.43
3636567.75,215234,-6.39
3636567.55,215234.4,-6.34
3636567.41,215234.69,-6.33
3636567.25,215235.03,-6.31
3636567.09,215235.37,-6.3
3636566.89,215235.77,-6.28
3636566.75,215236.04,-6.28
3636566.59,215236.37,-6.29
3636566.42,215236.71,-6.26
3636566.22,215237.12,-6.22
3636566.08,215237.4,-6.21
3636565.92,215237.72,-6.21
3636565.76,215238.07,-6.21
3636565.57,215238.46,-6.19
3636565.43,215238.73,-6.14
3636565.27,215239.06,-6.14
3636565.11,215239.4,-6.13
3636564.91,215239.81,-6.11
3636564.77,215240.1,-6.09
3636564.61,215240.43,-6.13
3636564.46,215240.77,-6.13
3636564.28,215241.17,-6.1
3636564.14,215241.45,-6.08
3636563.98,215241.79,-6.04
3636563.81,215242.13,-6.01
3636563.61,215242.53,-6.03
3636563.47,215242.82,-6.07
3636563.32,215243.16,-6.1
3636563.15,215243.51,-6.12
3636562.96,215243.9,-6.11
3636562.81,215244.18,-6.06
3636562.62,215244.52,-6.01
3636562.44,215244.86,-6
3636562.24,215245.27,-5.97
3636562.09,215245.54,-5.93
3636561.9,215245.89,-5.9
3636561.72,215246.22,-5.89
3636561.51,215246.6,-5.9
3636561.35,215246.88,-5.89
3636561.18,215247.22,-5.87
3636561,215247.57,-5.87
3636560.77,215247.97,-5.86
3636560.61,215248.26,-5.86
3636560.43,215248.59,-5.86
3636560.23,215248.93,-5.87
3636560.01,215249.33,-5.86
3636559.86,215249.61,-5.86
3636559.66,215249.97,-5.84
3636559.46,215250.32,-5.84
3636559.23,215250.73,-5.82
3636559.06,215251.01,-5.82
3636558.86,215251.35,-5.79
3636558.67,215251.71,-5.75
3636558.44,215252.12,-5.75
3636558.27,215252.41,-5.78
3636558.07,215252.76,-5.78
3636557.87,215253.12,-5.77
3636557.65,215253.53,-5.77
3636557.49,215253.82,-5.76
3636557.29,215254.18,-5.77
3636557.1,215254.53,-5.77
3636556.85,215254.96,-5.76
3636556.68,215255.25,-5.75
3636556.47,215255.6,-5.72
3636556.24,215255.96,-5.7
3636555.98,215256.39,-5.69
3636555.8,215256.69,-5.67
3636555.58,215257.04,-5.66
3636555.37,215257.39,-5.64
3636555.09,215257.81,-5.64
3636554.9,215258.11,-5.64
3636554.67,215258.46,-5.64
3636554.43,215258.84,-5.65
3636554.14,215259.27,-5.65
3636553.94,215259.56,-5.65
3636553.7,215259.92,-5.64
3636553.46,215260.28,-5.63
3636553.16,215260.72,-5.62
3636552.95,215261,-5.59
3636552.68,215261.37,-5.56
3636552.44,215261.73,-5.53
3636552.14,215262.18,-5.54
3636551.92,215262.49,-5.54
3636551.65,215262.86,-5.5
3636551.39,215263.24,-5.47
3636551.08,215263.68,-5.48
3636550.87,215264,-5.48
3636550.6,215264.38,-5.43
3636550.32,215264.77,-5.41
3636549.99,215265.22,-5.4
3636549.78,215265.54,-5.39
3636549.52,215265.94,-5.38
3636549.24,215266.35,-5.37
3636548.91,215266.82,-5.39
3636548.68,215267.15,-5.38
3636548.4,215267.58,-5.36
3636548.11,215268,-5.37
3636547.78,215268.49,-5.4
3636547.56,215268.84,-5.41
3636547.29,215269.27,-5.4
3636547,215269.7,-5.38
3636546.67,215270.22,-5.36
3636546.43,215270.59,-5.34
3636546.14,215271.04,-5.32
3636545.86,215271.51,-5.31
3636545.54,215272.05,-5.29
3636545.3,215272.42,-5.28
3636545.02,215272.88,-5.27
3636544.74,215273.33,-5.25
3636544.4,215273.88,-5.22
3636544.17,215274.26,-5.21
3636543.88,215274.74,-5.21
3636543.6,215275.21,-5.2
3636543.26,215275.77,-5.2
3636543.03,215276.15,-5.21
3636542.74,215276.62,-5.19
3636542.46,215277.08,-5.16
3636542.11,215277.64,-5.14
3636541.88,215278.02,-5.13
3636541.6,215278.49,-5.13
3636541.31,215278.97,-5.12
3636540.98,215279.53,-5.11
3636540.76,215279.91,-5.11
3636540.48,215280.39,-5.11
3636540.2,215280.85,-5.13
3636539.89,215281.42,-5.12
3636539.67,215281.8,-5.1
3636539.39,215282.3,-5.07
3636539.12,215282.76,-5.05
3636538.81,215283.32,-5.04
3636538.6,215283.7,-5.04
3636538.33,215284.14,-5.07
3636538.06,215284.62,-5.09
3636537.76,215285.18,-5.08
3636537.55,215285.55,-5.08
3636537.29,215286.01,-5.07
3636537.04,215286.47,-5.06
3636536.75,215287,-5.04
3636536.54,215287.37,-5.01
3636536.29,215287.83,-5
3636536.05,215288.28,-5
3636535.77,215288.8,-5.01
3636535.57,215289.17,-5.02
3636535.33,215289.61,-5.02
3636535.09,215290.07,-5.01
3636534.82,215290.59,-5.01
3636534.63,215290.95,-4.98
3636534.4,215291.4,-4.95
3636534.16,215291.87,-4.94
3636533.9,215292.38,-4.93
3636533.72,215292.72,-4.93
3636533.49,215293.17,-4.94
3636533.27,215293.59,-4.94
3636533.03,215294.08,-4.95
3636532.91,215294.32,-4.95
3636532.79,215294.58,-4.95
3636532.68,215294.81,-4.95
3636532.51,215295.15,-4.93
3636532.31,215295.57,-4.88
3636532.07,215296.07,-4.87
3636531.92,215296.42,-4.89
3636531.73,215296.83,-4.92
3636531.52,215297.25,-4.95
3636531.29,215297.74,-4.95
3636531.12,215298.09,-4.94
3636530.92,215298.49,-4.93
3636530.72,215298.89,-4.92
3636530.49,215299.38,-4.91
3636530.31,215299.72,-4.9
3636530.11,215300.12,-4.88
3636529.91,215300.52,-4.85
3636529.67,215301.01,-4.84
3636529.51,215301.35,-4.87
3636529.31,215301.79,-4.86
3636529.13,215302.2,-4.87
3636528.92,215302.69,-4.86
3636528.76,215303.05,-4.84
3636528.59,215303.47,-4.83
3636528.41,215303.89,-4.85
3636528.22,215304.38,-4.86
3636528.08,215304.73,-4.83
3636527.92,215305.16,-4.78
3636527.77,215305.6,-4.75
3636527.57,215306.13,-4.78
3636527.43,215306.51,-4.81
3636527.3,215306.95,-4.84
3636527.17,215307.38,-4.85
3636527,215307.9,-4.79
3636526.89,215308.26,-4.74
3636526.75,215308.71,-4.69
3636526.61,215309.14,-4.65
3636526.47,215309.67,-4.64
3636526.37,215310.03,-4.65
3636526.24,215310.46,-4.67
3636526.11,215310.9,-4.7
3636525.95,215311.42,-4.72
3636525.84,215311.79,-4.71
3636525.7,215312.23,-4.71
3636525.57,215312.66,-4.69
3636525.41,215313.16,-4.65
3636525.3,215313.5,-4.63
3636525.15,215313.93,-4.63
3636525.01,215314.35,-4.63
3636524.85,215314.86,-4.63
3636524.73,215315.2,-4.64
3636524.59,215315.63,-4.63
3636524.44,215316.05,-4.63
3636524.27,215316.55,-4.62
3636524.16,215316.9,-4.61
3636524.02,215317.31,-4.62
3636523.89,215317.74,-4.62
3636523.74,215318.24,-4.61
3636523.64,215318.6,-4.6
3636523.52,215319.03,-4.59
3636523.39,215319.45,-4.57
3636523.24,215319.94,-4.56
3636523.15,215320.29,-4.55
3636523.03,215320.7,-4.55
3636522.91,215321.11,-4.52
3636522.79,215321.58,-4.49
3636522.7,215321.9,-4.47
3636522.58,215322.3,-4.47
3636522.47,215322.69,-4.46
3636522.35,215323.13,-4.44
3636522.26,215323.43,-4.43
3636522.16,215323.79,-4.4
3636522.06,215324.15,-4.39
3636521.94,215324.58,-4.41
3636521.86,215324.86,-4.44
3636521.75,215325.21,-4.46
3636521.64,215325.55,-4.44
3636521.51,215325.94,-4.41
3636521.43,215326.19,-4.4
3636521.32,215326.49,-4.41
3636521.21,215326.79,-4.44
3636521.07,215327.15,-4.43
3636520.97,215327.38,-4.39
3636520.85,215327.66,-4.37
3636520.73,215327.94,-4.37
3636520.58,215328.26,-4.41
3636520.48,215328.48,-4.43
3636520.34,215328.74,-4.43
3636520.21,215328.99,-4.44
3636520.04,215329.29,-4.44
3636519.93,215329.49,-4.42
3636519.8,215329.75,-4.41
3636519.67,215329.99,-4.4
3636519.52,215330.27,-4.38
3636519.41,215330.46,-4.38
3636519.28,215330.71,-4.39
3636519.16,215330.96,-4.4
3636519.03,215331.26,-4.41
3636518.94,215331.45,-4.41
3636518.83,215331.69,-4.42
3636518.72,215331.93,-4.43
3636518.6,215332.21,-4.44
3636518.51,215332.41,-4.42
3636518.41,215332.65,-4.4
3636518.31,215332.89,-4.38
3636518.19,215333.18,-4.38
3636518.12,215333.37,-4.38
3636518.02,215333.61,-4.38
3636517.92,215333.85,-4.39
3636517.81,215334.14,-4.38
3636517.73,215334.35,-4.39
3636517.63,215334.58,-4.4
3636517.54,215334.83,-4.38
3636517.43,215335.11,-4.34
3636517.35,215335.3,-4.34
3636517.26,215335.53,-4.34
3636517.16,215335.76,-4.35
3636517.04,215336.01,-4.35
3636516.96,215336.19,-4.34
3636516.86,215336.41,-4.35
3636516.76,215336.63,-4.36
3636516.64,215336.88,-4.36
3636516.56,215337.06,-4.37
3636516.46,215337.27,-4.4
3636516.35,215337.46,-4.4
3636516.22,215337.69,-4.36
3636516.14,215337.85,-4.34
3636516.03,215338.04,-4.33
3636515.93,215338.23,-4.32
3636515.8,215338.46,-4.32
3636515.72,215338.6,-4.32
3636515.62,215338.79,-4.33
3636515.52,215338.98,-4.33
3636515.41,215339.18,-4.33
3636515.33,215339.32,-4.32
3636515.24,215339.48,-4.32
3636515.14,215339.67,-4.3
3636515.03,215339.89,-4.29
3636514.96,215340.03,-4.27
3636514.87,215340.2,-4.28
3636514.79,215340.38,-4.3
3636514.69,215340.59,-4.32
3636514.62,215340.74,-4.32
3636514.54,215340.91,-4.3
3636514.46,215341.1,-4.28
3636514.37,215341.3,-4.28
3636514.3,215341.43,-4.3
3636514.23,215341.61,-4.31
3636514.16,215341.78,-4.3
3636514.06,215341.99,-4.27
3636514,215342.13,-4.28
3636513.92,215342.3,-4.28
3636513.83,215342.48,-4.29
3636513.73,215342.69,-4.3
3636513.67,215342.83,-4.31
3636513.58,215343.01,-4.29
3636513.48,215343.19,-4.25
3636513.37,215343.42,-4.26
3636513.3,215343.56,-4.26
3636513.2,215343.75,-4.26
3636513.11,215343.93,-4.26
3636512.99,215344.16,-4.22
3636512.91,215344.31,-4.21
3636512.8,215344.52,-4.2
3636512.7,215344.74,-4.2
3636512.57,215345.01,-4.24
3636512.48,215345.2,-4.25
3636512.36,215345.44,-4.25
3636512.25,215345.68,-4.24
3636512.12,215346,-4.23
3636512.03,215346.22,-4.23
3636511.92,215346.5,-4.24
3636511.8,215346.79,-4.24
3636511.65,215347.15,-4.22
3636511.54,215347.4,-4.19
3636511.41,215347.74,-4.17
3636511.28,215348.06,-4.16
3636511.11,215348.44,-4.17
3636511,215348.73,-4.2
3636510.86,215349.07,-4.21
3636510.71,215349.42,-4.24
3636510.54,215349.84,-4.25
3636510.41,215350.14,-4.23
3636510.25,215350.51,-4.18
3636510.1,215350.89,-4.13
3636509.9,215351.34,-4.11
3636509.75,215351.64,-4.08
3636509.57,215352.02,-4.1
3636509.41,215352.4,-4.12
3636509.2,215352.87,-4.12
3636509.06,215353.18,-4.11
3636508.87,215353.56,-4.1
3636508.68,215353.95,-4.1
3636508.45,215354.41,-4.12
3636508.29,215354.71,-4.12
3636508.09,215355.1,-4.13
3636507.89,215355.48,-4.08
3636507.65,215355.94,-4.01
3636507.47,215356.26,-3.99
3636507.26,215356.63,-3.99
3636507.05,215357.02,-4.02
3636506.8,215357.47,-4.01
3636506.63,215357.78,-3.99
3636506.41,215358.15,-3.98
3636506.2,215358.54,-3.95
3636505.97,215359,-3.93
3636505.8,215359.31,-3.91
3636505.59,215359.69,-3.9
3636505.38,215360.07,-3.89
3636505.14,215360.51,-3.88
3636504.97,215360.8,-3.86
3636504.75,215361.18,-3.85
3636504.54,215361.55,-3.84
3636504.29,215361.99,-3.84
3636504.12,215362.3,-3.83
3636503.91,215362.67,-3.83
3636503.7,215363.04,-3.85
3636503.47,215363.45,-3.84
3636503.3,215363.75,-3.81
3636503.1,215364.11,-3.81
3636502.89,215364.47,-3.82
3636502.64,215364.9,-3.79
3636502.47,215365.19,-3.76
3636502.28,215365.53,-3.75
3636502.07,215365.88,-3.73
3636501.84,215366.28,-3.7
3636501.68,215366.56,-3.69
3636501.48,215366.9,-3.69
3636501.29,215367.24,-3.69
3636501.07,215367.63,-3.7
3636500.91,215367.91,-3.72
3636500.72,215368.23,-3.72
3636500.54,215368.55,-3.72
3636500.32,215368.93,-3.71
3636500.16,215369.19,-3.7
3636499.98,215369.49,-3.67
3636499.79,215369.82,-3.65
3636499.56,215370.19,-3.62
3636499.41,215370.43,-3.6
3636499.22,215370.74,-3.59
3636499.04,215371.04,-3.57
3636498.81,215371.4,-3.6
3636498.65,215371.64,-3.63
3636498.47,215371.94,-3.61
3636498.28,215372.24,-3.56
3636498.06,215372.59,-3.53
3636497.91,215372.83,-3.51
3636497.72,215373.13,-3.5
3636497.55,215373.42,-3.5
3636497.35,215373.77,-3.5
3636497.21,215374.01,-3.49
3636497.03,215374.32,-3.48
3636496.86,215374.63,-3.46
3636496.67,215374.99,-3.46
3636496.54,215375.25,-3.46
3636496.38,215375.55,-3.47
3636496.23,215375.86,-3.46
3636496.05,215376.23,-3.43
3636495.93,215376.48,-3.4
3636495.79,215376.79,-3.35
3636495.64,215377.1,-3.3
3636495.47,215377.47,-3.29
3636495.35,215377.72,-3.28
3636495.22,215378.02,-3.27
3636495.08,215378.33,-3.24
3636494.92,215378.7,-3.26
3636494.81,215378.95,-3.29
3636494.68,215379.23,-3.27
3636494.55,215379.53,-3.26
3636494.4,215379.88,-3.28
3636494.3,215380.11,-3.27
3636494.18,215380.39,-3.25
3636494.05,215380.66,-3.21
3636493.92,215380.97,-3.19
3636493.83,215381.19,-3.17
3636493.72,215381.45,-3.17
3636493.61,215381.7,-3.17
3636493.48,215381.99,-3.16
3636493.39,215382.18,-3.16
3636493.28,215382.4,-3.14
3636493.18,215382.62,-3.1
3636493.05,215382.88,-3.08
3636492.97,215383.05,-3.07
3636492.87,215383.27,-3.05
3636492.76,215383.46,-3.03
3636492.63,215383.69,-3.02
3636492.54,215383.84,-3.01
3636492.44,215384.02,-3
3636492.34,215384.21,-2.99
3636492.21,215384.44,-3
3636492.16,215384.54,-2.99
3636492.1,215384.64,-2.95
3636492.05,215384.74,-2.93
3636491.97,215384.89,-2.92
3636491.89,215385.07,-2.92
3636491.79,215385.28,-2.92
3636491.73,215385.43,-2.96
3636491.67,215385.61,-2.97
3636491.6,215385.8,-2.92
3636491.54,215386.01,-2.84
3636491.49,215386.17,-2.78
